Image URL,Name,Price
../media/cache/f4/79/f479de5f305c2ac0512702cf7155bb74.jpg,The Nameless City (The ...,Â£38.16
../media/cache/dc/44/dc44f8e2aebac48ca8553814d9b021a8.jpg,The Murder That Never ...,Â£54.11
../media/cache/d4/8d/d48d5122a15347e9fe2b15ad354d69bf.jpg,The Most Perfect Thing: ...,Â£42.96
../media/cache/f8/6d/f86d08178e3788563ac17be5aefd29f0.jpg,The Mindfulness and Acceptance ...,Â£23.89
../media/cache/95/64/95647d6a526bf54120b9445e124794e1.jpg,The Life-Changing Magic of ...,Â£16.77
../media/cache/75/dc/75dce2f5949b407161f37f0af249b018.jpg,The Inefficiency Assassin: Time ...,Â£20.59
../media/cache/64/15/641570cd7e7aded53c7d33d78a9629f1.jpg,The Gutsy Girl: Escapades ...,Â£37.13
../media/cache/2e/23/2e236e23ad52aa74505f224f6552eda8.jpg,The Electric Pencil: Drawings ...,Â£56.06
../media/cache/71/df/71df730cf38c232ee58a2e407135f055.jpg,The Death of Humanity: ...,Â£58.11
../media/cache/ee/3e/ee3e219d23e73ba71c79b700f183aaed.jpg,The Bulletproof Diet: Lose ...,Â£49.05
../media/cache/70/fa/70fa6c0437d9c97dbeada6bd32bf9d2c.jpg,The Art Forger,Â£40.76
../media/cache/2d/4e/2d4e358712e6c9f1d3bdd78d1a16e5a8.jpg,The Age of Genius: ...,Â£19.73
../media/cache/96/db/96db61bb53930c560fb4c1c62b583816.jpg,The Activist's Tao Te ...,Â£32.24
../media/cache/f3/4f/f34ffb24cc21c9f9f52dad4fd8f3ac21.jpg,Spark Joy: An Illustrated ...,Â£41.83
../media/cache/69/85/69852567cf97264a1442cbc882c84903.jpg,Soul Reader,Â£39.58
../media/cache/da/df/dadfac66a89774b46b10225362724c83.jpg,Security,Â£39.25
../media/cache/43/ae/43aee83ebb31e2122a7215e413770e5c.jpg,"Saga, Volume 6 (Saga ...",Â£25.02
../media/cache/e1/ea/e1ea6cb36e62ae6dc7b805f68ab9a700.jpg,"Saga, Volume 5 (Saga ...",Â£51.04
../media/cache/97/f8/97f8debeeaaece9603267653076e760f.jpg,Reskilling America: Learning to ...,Â£19.83
../media/cache/f3/ef/f3efd43ae0fa85d9b325d5e8783e7af5.jpg,"Rat Queens, Vol. 3: ...",Â£50.40
